text,href
Ancient Civilization Major,https://catalog.clarku.edu/preview_program.php?catoid=34&poid=6842&returnto=2847
Art History Major,https://catalog.clarku.edu/preview_program.php?catoid=34&poid=6844&returnto=2847
Asian Studies Major,https://catalog.clarku.edu/preview_program.php?catoid=34&poid=6847&returnto=2847
Biochemistry and Molecular Biology Major,https://catalog.clarku.edu/preview_program.php?catoid=34&poid=6851&returnto=2847
Biology Major,https://catalog.clarku.edu/preview_program.php?catoid=34&poid=6855&returnto=2847
Business Economics,https://catalog.clarku.edu/preview_program.php?catoid=34&poid=7051&returnto=2847
Chemistry Major,https://catalog.clarku.edu/preview_program.php?catoid=34&poid=6860&returnto=2847
Combined Languages Major,https://catalog.clarku.edu/preview_program.php?catoid=34&poid=6987&returnto=2847
"Community, Youth, and Education Studies Major",https://catalog.clarku.edu/preview_program.php?catoid=34&poid=6999&returnto=2847
Comparative Literature Major,https://catalog.clarku.edu/preview_program.php?catoid=34&poid=6866&returnto=2847
Computer Science Major,https://catalog.clarku.edu/preview_program.php?catoid=34&poid=6869&returnto=2847
Creative Writing Major,https://catalog.clarku.edu/preview_program.php?catoid=34&poid=7050&returnto=2847
Data Science Major,https://catalog.clarku.edu/preview_program.php?catoid=34&poid=7037&returnto=2847
Economics Major,https://catalog.clarku.edu/preview_program.php?catoid=34&poid=6871&returnto=2847
English Major,https://catalog.clarku.edu/preview_program.php?catoid=34&poid=6878&returnto=2847
Environmental Science Major,https://catalog.clarku.edu/preview_program.php?catoid=34&poid=6883&returnto=2847
Finance Major,https://catalog.clarku.edu/preview_program.php?catoid=34&poid=7041&returnto=2847
French and Francophone Studies Major,https://catalog.clarku.edu/preview_program.php?catoid=34&poid=6985&returnto=2847
Geography Major,https://catalog.clarku.edu/preview_program.php?catoid=34&poid=6893&returnto=2847
Global Environmental Studies Major,https://catalog.clarku.edu/preview_program.php?catoid=34&poid=6897&returnto=2847
"Health, Science & Society Major",https://catalog.clarku.edu/preview_program.php?catoid=34&poid=7056&returnto=2847
History Major,https://catalog.clarku.edu/preview_program.php?catoid=34&poid=6899&returnto=2847
Interactive Media Major,https://catalog.clarku.edu/preview_program.php?catoid=34&poid=7035&returnto=2847
International Development and Social Change Major,https://catalog.clarku.edu/preview_program.php?catoid=34&poid=6906&returnto=2847
Management Major,https://catalog.clarku.edu/preview_program.php?catoid=34&poid=6912&returnto=2847
Marketing Major,https://catalog.clarku.edu/preview_program.php?catoid=34&poid=7032&returnto=2847
Mathematics Major,https://catalog.clarku.edu/preview_program.php?catoid=34&poid=6917&returnto=2847
Mathematics Education Major,https://catalog.clarku.edu/preview_program.php?catoid=34&poid=7043&returnto=2847
"Media, Culture and the Arts Major",https://catalog.clarku.edu/preview_program.php?catoid=34&poid=6990&returnto=2847
Music Major,https://catalog.clarku.edu/preview_program.php?catoid=34&poid=6919&returnto=2847
Philosophy Major,https://catalog.clarku.edu/preview_program.php?catoid=34&poid=6922&returnto=2847
Physics Major,https://catalog.clarku.edu/preview_program.php?catoid=34&poid=6924&returnto=2847
Political Science Major,https://catalog.clarku.edu/preview_program.php?catoid=34&poid=6928&returnto=2847
Psychology Major,https://catalog.clarku.edu/preview_program.php?catoid=34&poid=6930&returnto=2847
Screen Studies Major,https://catalog.clarku.edu/preview_program.php?catoid=34&poid=6934&returnto=2847
Sociology Major,https://catalog.clarku.edu/preview_program.php?catoid=34&poid=6936&returnto=2847
Spanish Major,https://catalog.clarku.edu/preview_program.php?catoid=34&poid=6986&returnto=2847
Student-Designed Major,https://catalog.clarku.edu/preview_program.php?catoid=34&poid=6938&returnto=2847
Studio Art Major,https://catalog.clarku.edu/preview_program.php?catoid=34&poid=6939&returnto=2847
Theater Arts Major,https://catalog.clarku.edu/preview_program.php?catoid=34&poid=6940&returnto=2847
Women’s and Gender Studies Major,https://catalog.clarku.edu/preview_program.php?catoid=34&poid=6943&returnto=2847
Actuarial and Financial Mathematics Minor,https://catalog.clarku.edu/preview_program.php?catoid=34&poid=7025&returnto=2847
Ancient Civilization Minor,https://catalog.clarku.edu/preview_program.php?catoid=34&poid=6843&returnto=2847
Art History Minor,https://catalog.clarku.edu/preview_program.php?catoid=34&poid=6845&returnto=2847
Asian Studies Minor,https://catalog.clarku.edu/preview_program.php?catoid=34&poid=6848&returnto=2847
Biochemistry and Molecular Biology Minor,https://catalog.clarku.edu/preview_program.php?catoid=34&poid=6852&returnto=2847
Biology Minor,https://catalog.clarku.edu/preview_program.php?catoid=34&poid=6856&returnto=2847
Chemistry Minor,https://catalog.clarku.edu/preview_program.php?catoid=34&poid=6861&returnto=2847
"Community, Youth, and Education Studies Minor",https://catalog.clarku.edu/preview_program.php?catoid=34&poid=7000&returnto=2847
Comparative Literature Minor,https://catalog.clarku.edu/preview_program.php?catoid=34&poid=6867&returnto=2847
Computer Science Minor,https://catalog.clarku.edu/preview_program.php?catoid=34&poid=6870&returnto=2847
Creative Writing Minor,https://catalog.clarku.edu/preview_program.php?catoid=34&poid=6996&returnto=2847
Dance Minor,https://catalog.clarku.edu/preview_program.php?catoid=34&poid=7024&returnto=2847
Data Science Minor,https://catalog.clarku.edu/preview_program.php?catoid=34&poid=7011&returnto=2847
Economics Minor,https://catalog.clarku.edu/preview_program.php?catoid=34&poid=6872&returnto=2847
Education Minor,https://catalog.clarku.edu/preview_program.php?catoid=34&poid=6876&returnto=2847
English Minor,https://catalog.clarku.edu/preview_program.php?catoid=34&poid=6879&returnto=2847
Entrepreneurship and Innovation Minor,https://catalog.clarku.edu/preview_program.php?catoid=34&poid=6904&returnto=2847
Environmental Science Minor,https://catalog.clarku.edu/preview_program.php?catoid=34&poid=6884&returnto=2847
Finance Minor,https://catalog.clarku.edu/preview_program.php?catoid=34&poid=7042&returnto=2847
French and Francophone Studies Minor,https://catalog.clarku.edu/preview_program.php?catoid=34&poid=6889&returnto=2847
Geography Minor,https://catalog.clarku.edu/preview_program.php?catoid=34&poid=6894&returnto=2847
Global Environmental Studies Minor,https://catalog.clarku.edu/preview_program.php?catoid=34&poid=6898&returnto=2847
"Health, Science, & Society Minor",https://catalog.clarku.edu/preview_program.php?catoid=34&poid=6982&returnto=2847
History Minor,https://catalog.clarku.edu/preview_program.php?catoid=34&poid=6900&returnto=2847
Interactive Media Minor,https://catalog.clarku.edu/preview_program.php?catoid=34&poid=7038&returnto=2847
International Development and Social Change Minor,https://catalog.clarku.edu/preview_program.php?catoid=34&poid=6907&returnto=2847
Management Minor,https://catalog.clarku.edu/preview_program.php?catoid=34&poid=6913&returnto=2847
Marketing Minor,https://catalog.clarku.edu/preview_program.php?catoid=34&poid=6998&returnto=2847
Mathematics Minor,https://catalog.clarku.edu/preview_program.php?catoid=34&poid=6918&returnto=2847
Music Minor,https://catalog.clarku.edu/preview_program.php?catoid=34&poid=6920&returnto=2847
Philosophy Minor,https://catalog.clarku.edu/preview_program.php?catoid=34&poid=6923&returnto=2847
Physics Minor,https://catalog.clarku.edu/preview_program.php?catoid=34&poid=6925&returnto=2847
Political Science Minor,https://catalog.clarku.edu/preview_program.php?catoid=34&poid=6929&returnto=2847
Screen Studies Minor,https://catalog.clarku.edu/preview_program.php?catoid=34&poid=6935&returnto=2847
Sociology Minor,https://catalog.clarku.edu/preview_program.php?catoid=34&poid=6937&returnto=2847
Spanish Minor,https://catalog.clarku.edu/preview_program.php?catoid=34&poid=6989&returnto=2847
Studio Art Minor,https://catalog.clarku.edu/preview_program.php?catoid=34&poid=6980&returnto=2847
Theater Arts Minor,https://catalog.clarku.edu/preview_program.php?catoid=34&poid=6941&returnto=2847
Women’s and Gender Studies Minor,https://catalog.clarku.edu/preview_program.php?catoid=34&poid=6944&returnto=2847
Africana Studies Concentration,https://catalog.clarku.edu/preview_program.php?catoid=34&poid=6991&returnto=2847
Arabic Studies Concentration,https://catalog.clarku.edu/preview_program.php?catoid=34&poid=7046&returnto=2847
Arts Management Concentration,https://catalog.clarku.edu/preview_program.php?catoid=34&poid=7047&returnto=2847
Business Data Analytics Concentration,https://catalog.clarku.edu/preview_program.php?catoid=34&poid=7026&returnto=2847
Comparative Race and Ethnic Studies Concentration,https://catalog.clarku.edu/preview_program.php?catoid=34&poid=6974&returnto=2847
Computational Science Concentration,https://catalog.clarku.edu/preview_program.php?catoid=34&poid=6868&returnto=2847
Ethics and Public Policy Concentration,https://catalog.clarku.edu/preview_program.php?catoid=34&poid=6885&returnto=2847
Genocide and Human Rights Concentration,https://catalog.clarku.edu/preview_program.php?catoid=34&poid=6903&returnto=2847
Geospatial Data Analytics Concentration,https://catalog.clarku.edu/preview_program.php?catoid=34&poid=7049&returnto=2847
German Studies Concentration,https://catalog.clarku.edu/preview_program.php?catoid=34&poid=6988&returnto=2847
Jewish Studies Concentration,https://catalog.clarku.edu/preview_program.php?catoid=34&poid=6910&returnto=2847
Latin American and Latinx Studies Concentration,https://catalog.clarku.edu/preview_program.php?catoid=34&poid=6945&returnto=2847
Law and Society Concentration,https://catalog.clarku.edu/preview_program.php?catoid=34&poid=6911&returnto=2847
Peace and Conflict Studies Concentration,https://catalog.clarku.edu/preview_program.php?catoid=34&poid=6921&returnto=2847
Urban Studies Concentration,https://catalog.clarku.edu/preview_program.php?catoid=34&poid=6942&returnto=2847
"Accounting, BA/MSA",https://catalog.clarku.edu/preview_program.php?catoid=34&poid=7009&returnto=2847
"Accounting Analytics, BA/MSAA",https://catalog.clarku.edu/preview_program.php?catoid=34&poid=7053&returnto=2847
"Biochemistry and Molecular Biology, BA/MS",https://catalog.clarku.edu/preview_program.php?catoid=34&poid=6850&returnto=2847
"Biology, BA/MS",https://catalog.clarku.edu/preview_program.php?catoid=34&poid=6854&returnto=2847
"Business Administration, BA/MBA",https://catalog.clarku.edu/preview_program.php?catoid=34&poid=6914&returnto=2847
"Business Analytics, BA/MSBA",https://catalog.clarku.edu/preview_program.php?catoid=34&poid=7010&returnto=2847
"Chemistry, BA/MS",https://catalog.clarku.edu/preview_program.php?catoid=34&poid=6859&returnto=2847
"Communication, BA/MSC",https://catalog.clarku.edu/preview_program.php?catoid=34&poid=7007&returnto=2847
"Community Development & Planning, BA/MA",https://catalog.clarku.edu/preview_program.php?catoid=34&poid=6950&returnto=2847
"Environmental Science and Policy, BA/MS",https://catalog.clarku.edu/preview_program.php?catoid=34&poid=6881&returnto=2847
"Finance, BA/MSF",https://catalog.clarku.edu/preview_program.php?catoid=34&poid=6849&returnto=2847
"Geographic Information Science, BA/MS",https://catalog.clarku.edu/preview_program.php?catoid=34&poid=6890&returnto=2847
"History, BA/MA",https://catalog.clarku.edu/preview_program.php?catoid=34&poid=6901&returnto=2847
"Information Technology, BA/MSIT",https://catalog.clarku.edu/preview_program.php?catoid=34&poid=7006&returnto=2847
"Interactive Media, BA/MFA",https://catalog.clarku.edu/preview_program.php?catoid=34&poid=7039&returnto=2847
"International Development, BA/MA",https://catalog.clarku.edu/preview_program.php?catoid=34&poid=6905&returnto=2847
"Management, BA/MSM",https://catalog.clarku.edu/preview_program.php?catoid=34&poid=7008&returnto=2847
"Marketing, BA/MSMK",https://catalog.clarku.edu/preview_program.php?catoid=34&poid=7016&returnto=2847
"Marketing Analytics, BA/MSMKA",https://catalog.clarku.edu/preview_program.php?catoid=34&poid=7054&returnto=2847
"Physics, BA/MS",https://catalog.clarku.edu/preview_program.php?catoid=34&poid=6949&returnto=2847
"Public Administration, BA/MPA",https://catalog.clarku.edu/preview_program.php?catoid=34&poid=6948&returnto=2847
"Teaching, BA/MAT",https://catalog.clarku.edu/preview_program.php?catoid=34&poid=6874&returnto=2847
"Accounting, MSA",https://catalog.clarku.edu/preview_program.php?catoid=34&poid=6946&returnto=2847
"Accounting Analytics, MSAA",https://catalog.clarku.edu/preview_program.php?catoid=34&poid=7020&returnto=2847
"Biochemistry, PhD",https://catalog.clarku.edu/preview_program.php?catoid=34&poid=6953&returnto=2847
"Biochemistry and Molecular Biology, MS",https://catalog.clarku.edu/preview_program.php?catoid=34&poid=6975&returnto=2847
"Biology, MS",https://catalog.clarku.edu/preview_program.php?catoid=34&poid=6976&returnto=2847
"Biology, PhD",https://catalog.clarku.edu/preview_program.php?catoid=34&poid=6857&returnto=2847
"Business Administration, MBA",https://catalog.clarku.edu/preview_program.php?catoid=34&poid=6858&returnto=2847
"Business Analytics, MSBA",https://catalog.clarku.edu/preview_program.php?catoid=34&poid=6995&returnto=2847
Chemistry MS,https://catalog.clarku.edu/preview_program.php?catoid=34&poid=6977&returnto=2847
"Chemistry, PhD",https://catalog.clarku.edu/preview_program.php?catoid=34&poid=6862&returnto=2847
"Communication, MSC",https://catalog.clarku.edu/preview_program.php?catoid=34&poid=6972&returnto=2847
"Community Development and Planning, MA",https://catalog.clarku.edu/preview_program.php?catoid=34&poid=6865&returnto=2847
"Computer Science, MSCS",https://catalog.clarku.edu/preview_program.php?catoid=34&poid=7034&returnto=2847
"Data Analytics, MSDA",https://catalog.clarku.edu/preview_program.php?catoid=34&poid=7015&returnto=2847
"Economics, MA",https://catalog.clarku.edu/preview_program.php?catoid=34&poid=7012&returnto=2847
"Economics, PhD",https://catalog.clarku.edu/preview_program.php?catoid=34&poid=6873&returnto=2847
"Education, MAED",https://catalog.clarku.edu/preview_program.php?catoid=34&poid=6981&returnto=2847
"English, MA",https://catalog.clarku.edu/preview_program.php?catoid=34&poid=6880&returnto=2847
"Environmental Science and Policy, MS",https://catalog.clarku.edu/preview_program.php?catoid=34&poid=6882&returnto=2847
"Finance, MSF",https://catalog.clarku.edu/preview_program.php?catoid=34&poid=6886&returnto=2847
"Genocide Studies, PhD",https://catalog.clarku.edu/preview_program.php?catoid=34&poid=7036&returnto=2847
"Geographic Information Science, MS",https://catalog.clarku.edu/preview_program.php?catoid=34&poid=7005&returnto=2847
"Geography, MA",https://catalog.clarku.edu/preview_program.php?catoid=34&poid=6895&returnto=2847
"Geography, PhD",https://catalog.clarku.edu/preview_program.php?catoid=34&poid=6896&returnto=2847
"History, MA",https://catalog.clarku.edu/preview_program.php?catoid=34&poid=6955&returnto=2847
"History, PhD",https://catalog.clarku.edu/preview_program.php?catoid=34&poid=6902&returnto=2847
"Information Technology, MSIT",https://catalog.clarku.edu/preview_program.php?catoid=34&poid=6973&returnto=2847
"Interactive Media, MFA",https://catalog.clarku.edu/preview_program.php?catoid=34&poid=7033&returnto=2847
"International Development, MA",https://catalog.clarku.edu/preview_program.php?catoid=34&poid=6908&returnto=2847
"Management, MSM",https://catalog.clarku.edu/preview_program.php?catoid=34&poid=6984&returnto=2847
"Marketing, MSMK",https://catalog.clarku.edu/preview_program.php?catoid=34&poid=7017&returnto=2847
"Marketing Analytics, MSMKA",https://catalog.clarku.edu/preview_program.php?catoid=34&poid=7018&returnto=2847
"Physics, MA",https://catalog.clarku.edu/preview_program.php?catoid=34&poid=6926&returnto=2847
"Physics, PhD",https://catalog.clarku.edu/preview_program.php?catoid=34&poid=6927&returnto=2847
"Project Management, MSPM",https://catalog.clarku.edu/preview_program.php?catoid=34&poid=7023&returnto=2847
"Psychology, MA",https://catalog.clarku.edu/preview_program.php?catoid=34&poid=6983&returnto=2847
"Psychology, PhD",https://catalog.clarku.edu/preview_program.php?catoid=34&poid=6931&returnto=2847
"Public Administration, MPA",https://catalog.clarku.edu/preview_program.php?catoid=34&poid=6971&returnto=2847
"Sports and Esports Administration, MSSEA",https://catalog.clarku.edu/preview_program.php?catoid=34&poid=7040&returnto=2847
"Sustainable Food Systems, MS",https://catalog.clarku.edu/preview_program.php?catoid=34&poid=7055&returnto=2847
"Teaching, MAT",https://catalog.clarku.edu/preview_program.php?catoid=34&poid=6877&returnto=2847
"Visual Arts, MFA",https://catalog.clarku.edu/preview_program.php?catoid=34&poid=7052&returnto=2847
"Business Administration/Accounting, MBA/MSA",https://catalog.clarku.edu/preview_program.php?catoid=34&poid=6979&returnto=2847
"Business Administration/Finance, MBA/MSF",https://catalog.clarku.edu/preview_program.php?catoid=34&poid=6951&returnto=2847
"Biotechnology Major, BS",https://catalog.clarku.edu/preview_program.php?catoid=34&poid=7028&returnto=2847
"Communication Major, BS",https://catalog.clarku.edu/preview_program.php?catoid=34&poid=6960&returnto=2847
"Criminal Justice Major, BS",https://catalog.clarku.edu/preview_program.php?catoid=34&poid=6965&returnto=2847
"Cybersecurity Major, BS",https://catalog.clarku.edu/preview_program.php?catoid=34&poid=7044&returnto=2847
"General Studies Major, BGS",https://catalog.clarku.edu/preview_program.php?catoid=34&poid=7048&returnto=2847
"Human Resource Development Major, BS",https://catalog.clarku.edu/preview_program.php?catoid=34&poid=6966&returnto=2847
"Public Administration Major, BS",https://catalog.clarku.edu/preview_program.php?catoid=34&poid=6967&returnto=2847
"Social Services Major, BS",https://catalog.clarku.edu/preview_program.php?catoid=34&poid=6968&returnto=2847
"Youth Work Practice, CERT",https://catalog.clarku.edu/preview_program.php?catoid=34&poid=6978&returnto=2847
Advanced Application Delivery CERT,https://catalog.clarku.edu/preview_program.php?catoid=34&poid=7045&returnto=2847
"Business Analytics, CERT",https://catalog.clarku.edu/preview_program.php?catoid=34&poid=7002&returnto=2847
"Digital Literacy, CERT",https://catalog.clarku.edu/preview_program.php?catoid=34&poid=7030&returnto=2847
"Diversity, Equity, and Inclusion, CERT",https://catalog.clarku.edu/preview_program.php?catoid=34&poid=7031&returnto=2847
"Educational Leadership, CERT",https://catalog.clarku.edu/preview_program.php?catoid=34&poid=7004&returnto=2847
"Health IT Architectures, CERT",https://catalog.clarku.edu/preview_program.php?catoid=34&poid=7021&returnto=2847
"IT Workforce Leadership, CERT",https://catalog.clarku.edu/preview_program.php?catoid=34&poid=7022&returnto=2847
"Monitoring and Evaluation, CERT",https://catalog.clarku.edu/preview_program.php?catoid=34&poid=6993&returnto=2847
"Project Management, CERT",https://catalog.clarku.edu/preview_program.php?catoid=34&poid=7013&returnto=2847
"Public Relations, CERT",https://catalog.clarku.edu/preview_program.php?catoid=34&poid=7029&returnto=2847
"Refugees, Forced Migration and Belonging, CERT",https://catalog.clarku.edu/preview_program.php?catoid=34&poid=6994&returnto=2847
Certificate of Advanced Graduate Study (CAGS),https://catalog.clarku.edu/preview_program.php?catoid=34&poid=6969&returnto=2847
Management Fellows Program (Sch of Bus),https://catalog.clarku.edu/preview_program.php?catoid=34&poid=6952&returnto=2847
3/2 Engineering Program,https://catalog.clarku.edu/preview_program.php?catoid=34&poid=6841&returnto=2847
English as a Second Language (ESL),https://catalog.clarku.edu/preview_program.php?catoid=34&poid=6959&returnto=2847

